    [
        {
            "id": 1,
            "categoria": "Caida y Vuelo",
            "palabra_clave": "Caer",
            "interpretacion": ["Descenso al inconsciente → Puede simbolizar un viaje a los aspectos más profundos de la psique, una confrontación con la 'Sombra' (aspectos reprimidos del yo).", "Pérdida de estabilidad → Representa miedo al fracaso, a perder el control sobre la vida o inseguridad emocional.", "Necesidad de transformación → Jung veía la caída como un símbolo de cambio. En muchas mitologías, la caída es el inicio de una transformación (ej. Lucifer, Ícaro).", "Desconexión con el Yo Superior → Si la caída no tiene fin, puede representar la desconexión de la consciencia con el Self (el Yo total según Jung)."]
        },
        {
            "id": 2,
            "categoria":"Caida y Vuelo",
            "palabra_clave":"Volar",
            "interpretacion":["Sentimiento de liberación → Puede reflejar el deseo de escapar de una situación opresiva o superar una limitación interna.", "Desarrollo de la individuación → Jung creía que volar podía ser símbolo de la individuación, es decir, el proceso de convertirse en el verdadero Yo.", "Arquetipo del Héroe → Muchas figuras heroicas vuelan o ascienden (como Hermes o los ángeles), representando la superación de obstáculos y la evolución espiritual.", "Deseo de poder o grandiosidad → En algunos casos, volar puede reflejar un complejo de superioridad o el deseo de control."]
        },
        {
            "id": 3,
            "categoria": "Agua",
            "palabra_clave": "Tranquila",
            "interpretacion":["Lagos, estanques o aguas serenas suelen representar la calma interior, la introspección y el equilibrio emocional.", "Puede simbolizar una conexión armoniosa con el inconsciente o la necesidad de reflexionar sobre la propia vida."]
        },
        {
            "id": 4,
            "categoria": "Agua",
            "palabra_clave": "Turbulenta",
            "interpretacion": ["Tormentas, ríos agitados o mares embravecidos simbolizan crisis, ansiedad o emociones reprimidas que buscan salir a la superficie.", " Puede ser una señal de que usted está enfrentando problemas internos o externos que aún no comprende del todo."]
        },
        {
            "id": 5,
            "categoria":"Agua",
            "palabra_clave": "Ahogarse",
            "interpretacion":["Ahogarse puede representar la inmersión en el inconsciente profundo, un viaje hacia lo desconocido dentro de la propia psique.", " Puede indicar una fase de transformación personal, pero también el peligro de sentirse abrumado por emociones o recuerdos reprimidos."]
        },
        {
            "id": 6,
            "categoria":"Agua",
            "palabra_clave": "Sucia o estancada",
            "interpretacion":["El agua sucia, lodosa o estancada suele reflejar confusión mental, emociones tóxicas o conflictos sin resolver.", "Puede indicar que hay pensamientos negativos o situaciones del pasado que aún lo afectan."]
        },
        {
            "id": 7,
            "categoria":"Agua",
            "palabra_clave": "Sumergirse o bañarse en ella",
            "interpretacion":["El agua también se asocia con la purificación y el renacimiento. Soñar con bañarse en agua clara o sumergirse en una cascada puede representar una limpieza emocional y un nuevo comienzo.", "Jung relacionaba el agua con el arquetipo del renacimiento, ya que en muchas culturas, el agua es vista como un elemento de transformación espiritual (ej. el bautismo)."]
        }
    ]